{
  "project_info": {
    "project_number": "931095385696",
    "firebase_url": "https://eduassets-345d6.firebaseio.com",
    "project_id": "eduassets-345d6",
    "storage_bucket": "eduassets-345d6.appspot.com"
  },
  "client": [
    {
      "client_info": {
        "mobilesdk_app_id": "1:931095385696:android:2dfa017b2a09254b",
        "android_client_info": {
          "package_name": "com.example.krishbhatia.eduassets"
        }
      },
      "oauth_client": [
        {
          "client_id": "931095385696-b2g3g82bteq2sm4mti8fmndsd9t601f9.apps.googleusercontent.com",
          "client_type": 1,
          "android_info": {
            "package_name": "com.example.krishbhatia.eduassets",
            "certificate_hash": "2e93aa3c2b9660c47274b011f2c62e2ee2117e7f"
          }
        },
        {
          "client_id": "931095385696-lk4925oqnga8hdg3dh5hd059de8bhve8.apps.googleusercontent.com",
          "client_type": 3
        }
      ],
      "api_key": [
        {
          "current_key": "AIzaSyCM-IPgTSWuWSCeroDht3k4-fhrLnJlswc"
        }
      ],
      "services": {
        "analytics_service": {
          "status": 1
        },
        "appinvite_service": {
          "status": 2,
          "other_platform_oauth_client": [
            {
              "client_id": "931095385696-lk4925oqnga8hdg3dh5hd059de8bhve8.apps.googleusercontent.com",
              "client_type": 3
            }
          ]
        },
        "ads_service": {
          "status": 2
        }
      }
    }
  ],
  "configuration_version": "1"
}